{
  "users": [
    {
      "name": "Andreanne Heidenreich",
      "dob": "1987-6-15",
      "email": "Andreanne_Heidenreich@gmail.com",
      "username": "Andreanne85",
      "password": "k7eBn9V4ef6wY03",
      "phone": "420-315-1356",
      "streetaddress": "8255 Ivory Views",
      "citystatezip": "Skilesfort, NC 84719-9787",
      "latitude": "-65.2280",
      "longitude": "-161.9856",
      "avatar": "https://cloudflare-ipfs.com/ipfs/Qmd3W5DuhgHirLHGVixi6V76LhCkZUz6pnFt5AJBiyvHye/avatar/410.jpg"
    },
    {
      "name": "Marquise West",
      "dob": "1990-8-26",
      "email": "Marquise.West21@gmail.com",
      "username": "Marquise_West5",
      "password": "3FvPILSlqOeHIgX",
      "phone": "492.910.5879 x15532",
      "streetaddress": "03799 Abby Summit",
      "citystatezip": "North Jaunitaville, IN 25091-7634",
      "latitude": "-28.4249",
      "longitude": "28.7469",
      "avatar": "https://cloudflare-ipfs.com/ipfs/Qmd3W5DuhgHirLHGVixi6V76LhCkZUz6pnFt5AJBiyvHye/avatar/738.jpg"
    },
    {
      "name": "Queenie Konopelski",
      "dob": "1953-10-24",
      "email": "Queenie49@yahoo.com",
      "username": "Queenie40",
      "password": "eCUDZYRLmmfIYa3",
      "phone": "700-777-1920 x0468",
      "streetaddress": "7108 Brakus Fork",
      "citystatezip": "Balistrerifurt, OK 37060",
      "latitude": "0.1985",
      "longitude": "-93.0146",
      "avatar": "https://cloudflare-ipfs.com/ipfs/Qmd3W5DuhgHirLHGVixi6V76LhCkZUz6pnFt5AJBiyvHye/avatar/765.jpg"
    },
    {
      "name": "Kelli Cormier",
      "dob": "1980-8-4",
      "email": "Kelli.Cormier@yahoo.com",
      "username": "Kelli.Cormier25",
      "password": "B6mhHuqmcVuiU3a",
      "phone": "756-864-5667",
      "streetaddress": "03145 Rowena Branch",
      "citystatezip": "Port Easton, RI 36796",
      "latitude": "-65.0318",
      "longitude": "93.7099",
      "avatar": "https://cloudflare-ipfs.com/ipfs/Qmd3W5DuhgHirLHGVixi6V76LhCkZUz6pnFt5AJBiyvHye/avatar/733.jpg"
    },
    {
      "name": "Gennaro Cassin",
      "dob": "1990-7-28",
      "email": "Gennaro_Cassin11@hotmail.com",
      "username": "Gennaro.Cassin62",
      "password": "uAnYpCTQuNQDGCE",
      "phone": "1-971-305-8433",
      "streetaddress": "5693 Cleo Path",
      "citystatezip": "Lake Jazmynburgh, IL 00402-5214",
      "latitude": "-67.2814",
      "longitude": "91.3343",
      "avatar": "https://cloudflare-ipfs.com/ipfs/Qmd3W5DuhgHirLHGVixi6V76LhCkZUz6pnFt5AJBiyvHye/avatar/841.jpg"
    },
    {
      "name": "Dasia Schuster MD",
      "dob": "1988-10-27",
      "email": "Dasia_Schuster99@gmail.com",
      "username": "Dasia_Schuster",
      "password": "v_MRwgEg_C_j00G",
      "phone": "438-966-1472 x218",
      "streetaddress": "57968 Rutherford Harbor",
      "citystatezip": "Johnstonhaven, IA 87339-1818",
      "latitude": "22.9930",
      "longitude": "-126.2499",
      "avatar": "https://cloudflare-ipfs.com/ipfs/Qmd3W5DuhgHirLHGVixi6V76LhCkZUz6pnFt5AJBiyvHye/avatar/158.jpg"
    },
    {
      "name": "Yazmin Schuster II",
      "dob": "1975-11-3",
      "email": "Yazmin80@yahoo.com",
      "username": "Yazmin_Schuster84",
      "password": "3C1XS59PEAR59kK",
      "phone": "1-794-583-4255",
      "streetaddress": "10654 Will Dale",
      "citystatezip": "South Mayemouth, RI 55722",
      "latitude": "42.2419",
      "longitude": "-135.4739",
      "avatar": "https://cloudflare-ipfs.com/ipfs/Qmd3W5DuhgHirLHGVixi6V76LhCkZUz6pnFt5AJBiyvHye/avatar/906.jpg"
    },
    {
      "name": "Helene Bins",
      "dob": "1970-1-23",
      "email": "Helene6@hotmail.com",
      "username": "Helene67",
      "password": "BkkfYPgHCQ55uWx",
      "phone": "1-275-873-2164",
      "streetaddress": "1760 Waters Freeway",
      "citystatezip": "Yolandafort, MD 33974",
      "latitude": "26.6821",
      "longitude": "114.8886",
      "avatar": "https://cloudflare-ipfs.com/ipfs/Qmd3W5DuhgHirLHGVixi6V76LhCkZUz6pnFt5AJBiyvHye/avatar/400.jpg"
    },
    {
      "name": "Leann Murray PhD",
      "dob": "1959-10-7",
      "email": "Leann.Murray38@gmail.com",
      "username": "Leann.Murray4",
      "password": "b0D4MB3Fpb6Y9Qh",
      "phone": "1-225-471-7737 x68473",
      "streetaddress": "63086 Marlin Mill",
      "citystatezip": "Lake Gilda, CA 03170",
      "latitude": "75.4670",
      "longitude": "-109.6493",
      "avatar": "https://cloudflare-ipfs.com/ipfs/Qmd3W5DuhgHirLHGVixi6V76LhCkZUz6pnFt5AJBiyvHye/avatar/901.jpg"
    },
    {
      "name": "Lorenzo Morissette",
      "dob": "1988-2-23",
      "email": "Lorenzo39@yahoo.com",
      "username": "Lorenzo0",
      "password": "mpbsXgd1zaNWVbK",
      "phone": "(485) 452-5234",
      "streetaddress": "359 Prohaska Way",
      "citystatezip": "North Adele, VT 44873-5839",
      "latitude": "25.7432",
      "longitude": "-114.7193",
      "avatar": "https://cloudflare-ipfs.com/ipfs/Qmd3W5DuhgHirLHGVixi6V76LhCkZUz6pnFt5AJBiyvHye/avatar/242.jpg"
    },
    {
      "name": "Brian Zboncak MD",
      "dob": "1967-3-10",
      "email": "Brian59@gmail.com",
      "username": "Brian_Zboncak13",
      "password": "uvGQm_9CrcKj0WC",
      "phone": "237-461-2457",
      "streetaddress": "4077 Phyllis Port",
      "citystatezip": "North Madieburgh, IA 52020",
      "latitude": "-38.7421",
      "longitude": "152.8196",
      "avatar": "https://cloudflare-ipfs.com/ipfs/Qmd3W5DuhgHirLHGVixi6V76LhCkZUz6pnFt5AJBiyvHye/avatar/760.jpg"
    },
    {
      "name": "Jolie Witting",
      "dob": "1965-9-6",
      "email": "Jolie_Witting7@hotmail.com",
      "username": "Jolie_Witting",
      "password": "5bFrT_x_Ha5h30y",
      "phone": "698-736-6054",
      "streetaddress": "4944 Josiane Lodge",
      "citystatezip": "Zboncakmouth, AZ 57246",
      "latitude": "-72.0065",
      "longitude": "-143.7070",
      "avatar": "https://cloudflare-ipfs.com/ipfs/Qmd3W5DuhgHirLHGVixi6V76LhCkZUz6pnFt5AJBiyvHye/avatar/403.jpg"
    },
    {
      "name": "Karl Hermiston",
      "dob": "1963-5-22",
      "email": "Karl.Hermiston@yahoo.com",
      "username": "Karl.Hermiston",
      "password": "QcVX62PcS5E7x4_",
      "phone": "758-775-8103 x3970",
      "streetaddress": "5441 Macejkovic Cove",
      "citystatezip": "Lindstad, PA 29825",
      "latitude": "10.8802",
      "longitude": "-150.2517",
      "avatar": "https://cloudflare-ipfs.com/ipfs/Qmd3W5DuhgHirLHGVixi6V76LhCkZUz6pnFt5AJBiyvHye/avatar/1095.jpg"
    },
    {
      "name": "Amalia Durgan",
      "dob": "1950-10-13",
      "email": "Amalia94@yahoo.com",
      "username": "Amalia.Durgan",
      "password": "X4SKNC5oAadlcKB",
      "phone": "330-712-3638 x19109",
      "streetaddress": "7890 Breitenberg Mission",
      "citystatezip": "New Edgardo, DE 45527",
      "latitude": "-14.1932",
      "longitude": "-145.2070",
      "avatar": "https://cloudflare-ipfs.com/ipfs/Qmd3W5DuhgHirLHGVixi6V76LhCkZUz6pnFt5AJBiyvHye/avatar/543.jpg"
    },
    {
      "name": "Conor Koch",
      "dob": "1989-5-31",
      "email": "Conor37@gmail.com",
      "username": "Conor66",
      "password": "bl6al5_EakbrUOJ",
      "phone": "1-341-861-5648 x59540",
      "streetaddress": "61776 Pollich Spurs",
      "citystatezip": "New Haylie, CT 19906",
      "latitude": "26.8058",
      "longitude": "123.7565",
      "avatar": "https://cloudflare-ipfs.com/ipfs/Qmd3W5DuhgHirLHGVixi6V76LhCkZUz6pnFt5AJBiyvHye/avatar/196.jpg"
    },
    {
      "name": "Johanna Hilll",
      "dob": "1989-3-13",
      "email": "Johanna97@gmail.com",
      "username": "Johanna_Hilll",
      "password": "jyadG88uoq6XMZA",
      "phone": "(692) 520-4120",
      "streetaddress": "68527 Abernathy Forge",
      "citystatezip": "East Sonnybury, NV 18963-6414",
      "latitude": "-0.6740",
      "longitude": "-92.5413",
      "avatar": "https://cloudflare-ipfs.com/ipfs/Qmd3W5DuhgHirLHGVixi6V76LhCkZUz6pnFt5AJBiyvHye/avatar/828.jpg"
    }
  ]
}